{"text": "Rwy'n cael ei ddweud o'r ddweud o'r ddweud o'r ddweud o'r ddweud o'r ddweud o'r ddweud o'r ddweud o'r ddweud o'r ddweud o'r ddweud o'r ddweud o'r ddweud o'r ddweud o'r ddweud o'r ddweud o'r ddweud o'r ddweud o'r ddweud o'r ddweud o'r ddweud o'r ddweud o'r ddweud o'r ddweud o'r ddweud o'r ddweud o'r ddweud o'r ddweud o'r ddweud o'r ddweud o'r ddweud o'", "segments": [{"id": 0, "seek": 0, "start": 0, "end": 22.24, "text": "Rwy'n cael ei ddweud o'r ddweud o'r ddweud o'r ddweud o'r ddweud o'r ddweud o'r ddweud o'r ddweud o'r ddweud o'r ddweud o'r ddweud o'r ddweud o'r ddweud o'r ddweud o'r ddweud o'r ddweud o'r ddweud o'r ddweud o'r ddweud o'r ddweud o'r ddweud o'r ddweud o'r ddweud o'r ddweud o'r ddweud o'r ddweud o'r ddweud o'r ddweud o'r ddweud o'r ddweud o'r ddweud o'", "tokens": [50364, 497, 9726, 6, 77, 1335, 338, 14020, 274, 67, 826, 532, 277, 6, 81, 274, 67, 826, 532, 277, 6, 81, 274, 67, 826, 532, 277, 6, 81, 274, 67, 826, 532, 277, 6, 81, 274, 67, 826, 532, 277, 6, 81, 274, 67, 826, 532, 277, 6, 81, 274, 67, 826, 532, 277, 6, 81, 274, 67, 826, 532, 277, 6, 81, 274, 67, 826, 532, 277, 6, 81, 274, 67, 826, 532, 277, 6, 81, 274, 67, 826, 532, 277, 6, 81, 274, 67, 826, 532, 277, 6, 81, 274, 67, 826, 532, 277, 6, 81, 274, 67, 826, 532, 277, 6, 81, 274, 67, 826, 532, 277, 6, 81, 274, 67, 826, 532, 277, 6, 81, 274, 67, 826, 532, 277, 6, 81, 274, 67, 826, 532, 277, 6, 81, 274, 67, 826, 532, 277, 6, 81, 274, 67, 826, 532, 277, 6, 81, 274, 67, 826, 532, 277, 6, 81, 274, 67, 826, 532, 277, 6, 81, 274, 67, 826, 532, 277, 6, 81, 274, 67, 826, 532, 277, 6, 81, 274, 67, 826, 532, 277, 6, 81, 274, 67, 826, 532, 277, 6, 81, 274, 67, 826, 532, 277, 6, 81, 274, 67, 826, 532, 277, 6, 81, 274, 67, 826, 532, 277, 6, 81, 274, 67, 826, 532, 277, 6, 81, 274, 67, 826, 532, 277, 6], "temperature": 0.0, "avg_logprob": -0.16285753038194445, "compression_ratio": 9.805555555555555, "no_speech_prob": 0.8795831203460693}], "language": "Welsh"}