{"text": "\u1da0\u1da0\u1da0\u1da0\u1da0\u1da0\u1da0\u1da0\u1da0\u1da0\u1da0\u1da0\u1da0\u1da0\u1da0\u1da0\u1da0\u1da0\u1da0\u1da0\u1da0\u1da0\u1da0\u1da0\u1da0\u1da0\u1da0\u1da0\u1da0\u1da0\u1da0\u1da0\u1da0\u1da0\u1da0\u1da0\u1da0\u1da0\u1da0\u1da0\u1da0\u1da0\u1da0\u1da0\u1da0\u1da0\u1da0\u1da0\u1da0\u1da0\u1da0\u1da0\u1da0\u1da0\u1da0\u1da0\u1da0\u1da0\u1da0\u1da0\u1da0\u1da0\u1da0\u1da0\u1da0\u1da0\u1da0\u1da0\u1da0\u1da0\u1da0\u1da0\u1da0\u1da0\ufffd", "segments": [{"id": 0, "seek": 0, "start": 0, "end": 22.96, "text": "\u1da0\u1da0\u1da0\u1da0\u1da0\u1da0\u1da0\u1da0\u1da0\u1da0\u1da0\u1da0\u1da0\u1da0\u1da0\u1da0\u1da0\u1da0\u1da0\u1da0\u1da0\u1da0\u1da0\u1da0\u1da0\u1da0\u1da0\u1da0\u1da0\u1da0\u1da0\u1da0\u1da0\u1da0\u1da0\u1da0\u1da0\u1da0\u1da0\u1da0\u1da0\u1da0\u1da0\u1da0\u1da0\u1da0\u1da0\u1da0\u1da0\u1da0\u1da0\u1da0\u1da0\u1da0\u1da0\u1da0\u1da0\u1da0\u1da0\u1da0\u1da0\u1da0\u1da0\u1da0\u1da0\u1da0\u1da0\u1da0\u1da0\u1da0\u1da0\u1da0\u1da0\u1da0\ufffd", "tokens": [50364, 21879, 114, 254, 157, 114, 254, 157, 114, 254, 157, 114, 254, 157, 114, 254, 157, 114, 254, 157, 114, 254, 157, 114, 254, 157, 114, 254, 157, 114, 254, 157, 114, 254, 157, 114, 254, 157, 114, 254, 157, 114, 254, 157, 114, 254, 157, 114, 254, 157, 114, 254, 157, 114, 254, 157, 114, 254, 157, 114, 254, 157, 114, 254, 157, 114, 254, 157, 114, 254, 157, 114, 254, 157, 114, 254, 157, 114, 254, 157, 114, 254, 157, 114, 254, 157, 114, 254, 157, 114, 254, 157, 114, 254, 157, 114, 254, 157, 114, 254, 157, 114, 254, 157, 114, 254, 157, 114, 254, 157, 114, 254, 157, 114, 254, 157, 114, 254, 157, 114, 254, 157, 114, 254, 157, 114, 254, 157, 114, 254, 157, 114, 254, 157, 114, 254, 157, 114, 254, 157, 114, 254, 157, 114, 254, 157, 114, 254, 157, 114, 254, 157, 114, 254, 157, 114, 254, 157, 114, 254, 157, 114, 254, 157, 114, 254, 157, 114, 254, 157, 114, 254, 157, 114, 254, 157, 114, 254, 157, 114, 254, 157, 114, 254, 157, 114, 254, 157, 114, 254, 157, 114, 254, 157, 114, 254, 157, 114, 254, 157, 114, 254, 157, 114, 254, 157, 114, 254, 157, 114, 254, 157, 114, 254, 157, 114, 254, 157, 114, 254, 157, 114, 254, 157], "temperature": 0.0, "avg_logprob": -0.1316605207655165, "compression_ratio": 12.5, "no_speech_prob": 0.7688589692115784}], "language": "Nynorsk"}